cab_id,entropy,total_records,unique_locations,most_frequent_location,location_diversity,entropy_quartile,segment
abboip,10.253421534660609,23495,3776,37.752_-122.394,0.16071504575441584,Q1 (Low),Low Mobility (Routine)
abcoij,2.8852787845869434,5454,443,37.752_-122.394,0.08122478914558122,Q1 (Low),Low Mobility (Routine)
abdremlu,11.12768904705614,21962,4504,37.616_-122.386,0.2050815044167198,Q4 (High),High Mobility (Explorer)
abgibo,10.85072221325996,25095,4653,37.616_-122.386,0.185415421398685,Q3,High Mobility (Explorer)
abjoolaw,10.604122827439754,8704,2683,37.616_-122.386,0.3082490808823529,Q2,Medium Mobility
abmuyawm,10.781139079349384,22797,4345,37.752_-122.395,0.19059525376145983,Q3,Medium Mobility
abniar,10.984995511687416,25526,4620,37.792_-122.411,0.18099192979706966,Q4 (High),High Mobility (Explorer)
abnovkak,9.991770564049359,24195,4204,37.751_-122.395,0.173754908038851,Q1 (Low),Low Mobility (Routine)
abtyff,11.010042124873252,20794,4235,37.783_-122.471,0.20366451861113782,Q4 (High),High Mobility (Explorer)
abwecnij,10.691025058418266,25637,3869,37.616_-122.386,0.15091469360689627,Q2,Medium Mobility
abyalwif,10.62419744962887,18100,3030,37.792_-122.411,0.16740331491712707,Q2,Medium Mobility
acdiyito,10.646749120050483,15785,3597,37.616_-122.386,0.22787456445993032,Q2,Medium Mobility
acduou,10.685450526202409,23957,4154,37.752_-122.394,0.1733939975789957,Q2,Medium Mobility
acgerl,10.362897455097887,13619,3178,37.751_-122.395,0.23335046626037154,Q1 (Low),Low Mobility (Routine)
acitva,10.306569575376223,17927,3900,37.616_-122.386,0.21754894851341552,Q1 (Low),Low Mobility (Routine)
ackgrica,10.578632106390602,11518,3292,37.616_-122.386,0.28581350928980725,Q2,Medium Mobility
acpegho,10.944466196984063,27525,4497,37.785_-122.420,0.16337874659400545,Q4 (High),High Mobility (Explorer)
acvebr,10.520027428620937,24643,4205,37.752_-122.395,0.170636691961206,Q2,Low Mobility (Routine)
adkavy,10.399167513535652,19542,3900,37.616_-122.386,0.19957015658581517,Q1 (Low),Low Mobility (Routine)
adnerst,11.271780577668705,25261,5173,37.752_-122.395,0.2047820751355845,Q4 (High),High Mobility (Explorer)
adpaifo,10.863652908116347,23403,4143,37.752_-122.394,0.17702858607870786,Q4 (High),High Mobility (Explorer)
aducrisi,11.232561377611384,21886,4996,37.616_-122.386,0.22827378232660148,Q4 (High),High Mobility (Explorer)
afmorc,10.391631015868162,19909,3657,37.792_-122.407,0.1836857702546587,Q1 (Low),Low Mobility (Routine)
afpansh,10.896995192232598,24358,4043,37.751_-122.395,0.16598242877083505,Q4 (High),High Mobility (Explorer)
afsfat,10.744536665232536,21101,4523,37.703_-122.474,0.2143500308042273,Q3,Medium Mobility
afweka,10.676958139093085,24111,4343,37.751_-122.395,0.18012525403342872,Q2,Medium Mobility
agcowktu,10.559641309012829,21279,3967,37.751_-122.395,0.18642793364349827,Q2,Medium Mobility
agdrea,10.484707065052964,23730,4135,37.616_-122.386,0.17425200168563001,Q2,Low Mobility (Routine)
aggjuo,10.607984292190109,22548,3884,37.792_-122.411,0.17225474543196737,Q2,Medium Mobility
agivle,10.961782110664494,25867,4516,37.751_-122.395,0.17458537905439364,Q4 (High),High Mobility (Explorer)
agjitfa,10.512930076496836,27459,3932,37.751_-122.395,0.14319530937033395,Q2,Low Mobility (Routine)
agsuec,10.818821943087059,24268,4644,37.616_-122.386,0.19136311191692765,Q3,High Mobility (Explorer)
agvexpia,10.695684077832759,21648,4349,37.616_-122.386,0.20089615668883962,Q2,Medium Mobility
agyamker,10.228023729533641,9036,2656,37.616_-122.386,0.29393536963258077,Q1 (Low),Low Mobility (Routine)
aichash,10.681482474330632,18408,3905,37.688_-122.457,0.2121360278139939,Q2,Medium Mobility
ailbcuv,10.608322963794716,15175,3442,37.785_-122.400,0.22682042833607907,Q2,Medium Mobility
aimidd,10.721667418350187,22633,3777,37.616_-122.386,0.16688021914903017,Q3,Medium Mobility
ainplin,10.790882483260532,26463,4273,37.616_-122.386,0.16147073272115783,Q3,Medium Mobility
aitpygg,10.522324946502973,25846,4222,37.752_-122.395,0.16335216281049292,Q2,Medium Mobility
aivtytan,10.088396523247678,20543,3444,37.752_-122.395,0.16764834736893347,Q1 (Low),Low Mobility (Routine)
aiwalb,11.051748779758471,21241,4695,37.616_-122.386,0.22103479120568711,Q4 (High),High Mobility (Explorer)
ajixdo,10.588721037409455,18975,3699,37.752_-122.395,0.1949407114624506,Q2,Medium Mobility
ajsips,10.829742981324483,24491,4381,37.752_-122.394,0.1788820382997836,Q3,High Mobility (Explorer)
ajsnedsi,11.141384523574835,23197,4799,37.752_-122.395,0.2068802000258654,Q4 (High),High Mobility (Explorer)
ajthof,10.493501530157758,23333,3834,37.752_-122.394,0.1643166330947585,Q2,Low Mobility (Routine)
ajtreo,10.463985879758274,17153,3664,37.616_-122.386,0.2136069492217105,Q2,Low Mobility (Routine)
akgicjud,10.858913540515672,25392,4328,37.751_-122.395,0.1704473850031506,Q3,High Mobility (Explorer)
akvutvo,10.63281302115127,26114,4046,37.752_-122.394,0.15493604962855173,Q2,Medium Mobility
akyeerbi,10.608207443730844,20501,3736,37.777_-122.405,0.18223501292619873,Q2,Medium Mobility
aldhidd,9.463655543544412,17074,3175,37.752_-122.394,0.1859552536019679,Q1 (Low),Low Mobility (Routine)
alnihi,10.666790224918248,24201,4187,37.752_-122.394,0.17300937977769515,Q2,Medium Mobility
alsheth,10.83233256656158,26550,4388,37.616_-122.386,0.16527306967984934,Q3,High Mobility (Explorer)
amciuca,10.761219553770355,20778,4063,37.616_-122.386,0.1955433631725864,Q3,Medium Mobility
amknywr,10.950028141526676,21892,4308,37.616_-122.386,0.1967842134112918,Q4 (High),High Mobility (Explorer)
amnurgji,10.201804723380974,15368,3388,37.752_-122.395,0.2204580947423217,Q1 (Low),Low Mobility (Routine)
amvefarl,10.784346486447678,16961,3699,37.752_-122.395,0.2180885560992866,Q3,Medium Mobility
amwibs,11.080897442538383,22989,4517,37.752_-122.395,0.19648527556657533,Q4 (High),High Mobility (Explorer)
ancedvab,10.168278268155774,8912,2544,37.792_-122.411,0.28545780969479356,Q1 (Low),Low Mobility (Routine)
ancorjo,10.754110773482669,21019,4641,37.616_-122.386,0.22080022836481278,Q3,Medium Mobility
ancyclsu,10.71550875377535,19978,3973,37.616_-122.386,0.19886875563119433,Q3,Medium Mobility
andyol,10.685708250076637,24703,3974,37.616_-122.386,0.16087114925312715,Q2,Medium Mobility
aniajcr,10.749138033203863,24791,4524,37.758_-122.410,0.1824855794441531,Q3,Medium Mobility
anidgib,10.893537913100966,22742,4441,37.616_-122.386,0.19527746020578665,Q4 (High),High Mobility (Explorer)
ankped,10.873667227347854,22999,4294,37.785_-122.400,0.18670376972911865,Q4 (High),High Mobility (Explorer)
ansyut,10.213367404539841,24722,3887,37.752_-122.394,0.15722837958094005,Q1 (Low),Low Mobility (Routine)
anucks,10.771922817872447,21732,3767,37.752_-122.395,0.17333885514448738,Q3,Medium Mobility
anupwr,10.867325460847852,14864,3958,37.785_-122.400,0.26628094725511303,Q4 (High),High Mobility (Explorer)
apigcyd,10.81250179796539,24491,4148,37.751_-122.395,0.16936833938998,Q3,High Mobility (Explorer)
appsri,10.4750646654159,15008,3216,37.752_-122.394,0.21428571428571427,Q2,Low Mobility (Routine)
apsskyul,10.619052724928984,22959,3716,37.769_-122.416,0.16185373927435864,Q2,Medium Mobility
aquawaw,10.580154781750004,23646,3917,37.751_-122.395,0.16565169584707773,Q2,Medium Mobility
arcksy,10.849471315293915,27517,4347,37.752_-122.395,0.157975069956754,Q3,High Mobility (Explorer)
arcuim,10.107147184613456,21522,3758,37.751_-122.395,0.17461202490474864,Q1 (Low),Low Mobility (Routine)
arcurbig,10.880635915797576,24630,4267,37.751_-122.395,0.1732440113682501,Q4 (High),High Mobility (Explorer)
arhilby,10.983606095586481,25601,4554,37.752_-122.395,0.17788367641888989,Q4 (High),High Mobility (Explorer)
arlwras,10.867026991468258,24846,4460,37.616_-122.386,0.17950575545359415,Q4 (High),High Mobility (Explorer)
arphaud,10.876793996856243,23230,3947,37.743_-122.425,0.16990959965561775,Q4 (High),High Mobility (Explorer)
artgagvu,10.923037244862673,23462,4275,37.616_-122.386,0.18220953030432188,Q4 (High),High Mobility (Explorer)
ascley,10.84545330512989,25465,4424,37.752_-122.395,0.17372864716277242,Q3,High Mobility (Explorer)
ashgati,10.837021085992681,12296,3237,37.616_-122.386,0.26325634352635,Q3,High Mobility (Explorer)
asigno,11.207688180041275,27255,5049,37.755_-122.469,0.1852504127682994,Q4 (High),High Mobility (Explorer)
askmecle,11.019304247593983,22725,4757,37.698_-122.485,0.20932893289328933,Q4 (High),High Mobility (Explorer)
aslagni,10.406790535727977,22923,4270,37.616_-122.386,0.18627579287178817,Q1 (Low),Low Mobility (Routine)
aswift,10.511249246607667,24081,3816,37.783_-122.420,0.15846518001744114,Q2,Low Mobility (Routine)
atcilav,10.594117594077119,22811,3784,37.616_-122.386,0.16588488010170532,Q2,Medium Mobility
atfrav,9.979998307719512,11653,2836,37.751_-122.395,0.24337080580108128,Q1 (Low),Low Mobility (Routine)
atfrim,10.959859671071474,22871,4656,37.616_-122.386,0.203576581697346,Q4 (High),High Mobility (Explorer)
atidfi,10.857094031269805,24544,4145,37.751_-122.395,0.1688803780964798,Q3,High Mobility (Explorer)
atnokvo,10.49317534597752,20332,3971,37.616_-122.386,0.19530788904190438,Q2,Low Mobility (Routine)
atsfiv,10.513932637698755,4377,2122,37.616_-122.386,0.48480694539639024,Q2,Low Mobility (Routine)
atzumbon,10.140181025112811,25640,3944,37.752_-122.395,0.15382215288611545,Q1 (Low),Low Mobility (Routine)
aucjun,7.14262552238803,11262,2060,37.752_-122.395,0.1829160007103534,Q1 (Low),Low Mobility (Routine)
auctjir,10.930474821732247,23332,4465,37.616_-122.386,0.19136807817589577,Q4 (High),High Mobility (Explorer)
aupclik,10.03346157164517,5708,2068,37.616_-122.386,0.36229852838121934,Q1 (Low),Low Mobility (Routine)
aurjyen,10.71666504903855,14088,3385,37.950_-122.336,0.24027541169789893,Q3,Medium Mobility
avdyab,10.790317952266378,22055,4087,37.751_-122.395,0.1853094536386307,Q3,Medium Mobility
avglybic,9.943775559986861,18224,3394,37.616_-122.386,0.1862379280070237,Q1 (Low),Low Mobility (Routine)
aviltly,10.810055091992822,20473,3978,37.752_-122.394,0.19430469398720265,Q3,Medium Mobility
avpavi,10.081934445860004,24084,3992,37.751_-122.395,0.16575319714333167,Q1 (Low),Low Mobility (Routine)
awnbeb,10.42294113816066,22445,4107,37.696_-122.483,0.1829806192916017,Q1 (Low),Low Mobility (Routine)
awrenba,10.894715611129538,25286,3963,37.751_-122.395,0.15672704263228665,Q4 (High),High Mobility (Explorer)
awribig,10.776354700161964,18644,3680,37.751_-122.395,0.19738253593649432,Q3,Medium Mobility
aydwaho,10.742576648256161,25240,3990,37.752_-122.394,0.1580824088748019,Q3,Medium Mobility
ayfsdu,10.409474899137317,24693,3789,37.752_-122.394,0.15344429595431905,Q1 (Low),Low Mobility (Routine)
aygpha,10.521426941915172,18983,3579,37.751_-122.395,0.18853711215297897,Q2,Medium Mobility
aypudby,10.73916277519849,23768,4029,37.751_-122.395,0.16951363177381354,Q3,Medium Mobility
ayquasto,10.508556709225308,21997,3902,37.751_-122.395,0.17738782561258354,Q2,Low Mobility (Routine)
ayquexar,10.794543109555256,25963,4321,37.752_-122.394,0.1664291491738243,Q3,Medium Mobility
ayshekki,10.795120899746248,21343,4062,37.666_-122.429,0.19032001124490466,Q3,Medium Mobility
ayshowg,6.547906996699734,7785,2100,37.751_-122.394,0.2697495183044316,Q1 (Low),Low Mobility (Routine)
aysmsla,10.709655796572815,26437,4410,37.752_-122.395,0.16681166546885048,Q3,Medium Mobility
eacderph,10.506416778176337,22923,3997,37.616_-122.386,0.17436635693408367,Q2,Low Mobility (Routine)
eadectio,10.467088125585356,20192,3970,37.616_-122.386,0.19661251980982566,Q2,Low Mobility (Routine)
eagbaci,9.924038995918874,14040,3079,37.708_-122.434,0.2193019943019943,Q1 (Low),Low Mobility (Routine)
eapceou,11.28943953344641,27539,4982,37.782_-122.450,0.18090707723591998,Q4 (High),High Mobility (Explorer)
easnsvu,10.566702830706042,17729,4102,37.616_-122.386,0.2313723278244684,Q2,Medium Mobility
eavcaifo,10.547966828499419,23558,3888,37.752_-122.394,0.16503947703540198,Q2,Medium Mobility
eavflid,11.030535501519996,24685,4298,37.792_-122.411,0.17411383431233543,Q4 (High),High Mobility (Explorer)
ebcicy,10.400020110830399,24987,4086,37.752_-122.394,0.16352503301716892,Q1 (Low),Low Mobility (Routine)
ebdafya,10.82421636703166,25879,4061,37.782_-122.412,0.15692260133699137,Q3,High Mobility (Explorer)
ebenfrag,10.669223425883644,20232,4302,37.616_-122.386,0.21263345195729538,Q2,Medium Mobility
ebrulra,10.925976668748543,16046,3619,37.751_-122.395,0.2255390751589181,Q4 (High),High Mobility (Explorer)
ebstic,10.455085699273006,11616,2743,37.616_-122.386,0.23613980716253444,Q2,Low Mobility (Routine)
eccest,10.47729649728451,26259,4303,37.751_-122.395,0.16386762633763663,Q2,Low Mobility (Routine)
ecdiwovu,10.76751203109845,24336,4260,37.616_-122.386,0.17504930966469429,Q3,Medium Mobility
ecfesy,10.942588330668473,25722,4395,37.752_-122.395,0.1708654070445533,Q4 (High),High Mobility (Explorer)
ecforj,11.28061930786366,22110,4692,37.751_-122.395,0.21221166892808685,Q4 (High),High Mobility (Explorer)
ecgojtyt,10.882118967108806,23861,4307,37.751_-122.395,0.18050375089057458,Q4 (High),High Mobility (Explorer)
ecjeody,10.723152829800167,22899,4092,37.751_-122.395,0.17869775972749902,Q3,Medium Mobility
eckecky,10.0613180552483,16385,3191,37.751_-122.394,0.19475129691791274,Q1 (Low),Low Mobility (Routine)
ecnoplsi,10.635724203013996,23494,3828,37.751_-122.395,0.16293521750234102,Q2,Medium Mobility
eddreba,10.586573822009253,20664,3720,37.686_-122.473,0.1800232288037166,Q2,Medium Mobility
edeejdru,10.319544261326584,26212,3965,37.786_-122.397,0.15126659545246451,Q1 (Low),Low Mobility (Routine)
edglevi,10.965511292434714,23911,4306,37.792_-122.411,0.18008447994646815,Q4 (High),High Mobility (Explorer)
edgrat,10.915148888079592,22604,3894,37.792_-122.411,0.17227039462042115,Q4 (High),High Mobility (Explorer)
edjiye,10.986512678532383,27964,4800,37.752_-122.395,0.17164926333857816,Q4 (High),High Mobility (Explorer)
edlyxy,10.660348530743477,23393,3859,37.751_-122.395,0.16496387808318727,Q2,Medium Mobility
edmugrip,11.033577538514399,24127,4426,37.751_-122.395,0.18344593194346584,Q4 (High),High Mobility (Explorer)
ednillo,11.189977188069319,27176,4991,37.752_-122.395,0.18365469531939946,Q4 (High),High Mobility (Explorer)
edodblea,10.76062543552889,23252,3959,37.751_-122.395,0.17026492344744537,Q3,Medium Mobility
edomboys,9.897712244882078,4326,1826,37.752_-122.394,0.42209893666204346,Q1 (Low),Low Mobility (Routine)
edrafs,9.984920988373176,4530,1826,37.752_-122.395,0.4030905077262693,Q1 (Low),Low Mobility (Routine)
eedigkr,10.808714569259646,24733,4133,37.752_-122.395,0.16710467796061942,Q3,Medium Mobility
eefayb,10.592138486103945,19266,3458,37.785_-122.400,0.1794871794871795,Q2,Medium Mobility
eegcef,10.550279803790925,19419,3470,37.752_-122.394,0.17869097275863843,Q2,Medium Mobility
eemafbij,10.228413859630056,14795,3064,37.787_-122.409,0.20709699222710376,Q1 (Low),Low Mobility (Routine)
eenjoug,10.68659298032004,21881,3645,37.785_-122.400,0.16658288012430877,Q2,Medium Mobility
eersdo,11.019682475353754,25142,4358,37.759_-122.390,0.17333545461777106,Q4 (High),High Mobility (Explorer)
eesbaj,11.01060960842911,25064,4595,37.752_-122.395,0.18333067347590168,Q4 (High),High Mobility (Explorer)
efcati,10.823082871556618,21142,3996,37.787_-122.403,0.18900766247280296,Q3,High Mobility (Explorer)
effneomi,10.309826678777927,27871,3984,37.806_-122.418,0.14294427899967707,Q1 (Low),Low Mobility (Routine)
efghakdi,10.484155754804815,22234,3694,37.751_-122.395,0.1661419447692723,Q2,Low Mobility (Routine)
efgoaku,10.378854529244135,26097,3465,37.784_-122.409,0.13277388205540866,Q1 (Low),Low Mobility (Routine)
efmymo,10.141746432909706,3097,1537,37.751_-122.395,0.49628672909267035,Q1 (Low),Low Mobility (Routine)
efonve,10.553765895508802,29003,4331,37.737_-122.405,0.14932937971933938,Q2,Medium Mobility
efspheco,10.69119798767591,20603,4292,37.616_-122.386,0.20831917681890988,Q2,Medium Mobility
eggfrij,10.879440371619607,24378,4298,37.666_-122.408,0.1763065058659447,Q4 (High),High Mobility (Explorer)
eghanwib,10.748661331430771,20950,4167,37.752_-122.394,0.19890214797136038,Q3,Medium Mobility
eglohabs,10.429864463978959,20159,3751,37.751_-122.395,0.18607073763579543,Q1 (Low),Low Mobility (Routine)
egnatab,11.055750417911717,23934,4540,37.752_-122.394,0.18968830951784074,Q4 (High),High Mobility (Explorer)
egoiwroi,0.7822275393170954,185,2,37.751_-122.395,0.010810810810810811,Q1 (Low),Low Mobility (Routine)
egreosko,10.6025645058331,15485,3795,37.616_-122.386,0.24507587988375848,Q2,Medium Mobility
egteir,10.727231927038632,14274,3444,37.751_-122.393,0.24127784783522488,Q3,Medium Mobility
egwicjuv,10.723989674552596,13155,3504,37.616_-122.386,0.2663625997719498,Q3,Medium Mobility
eiboidne,10.59772419438864,25017,4445,37.579_-122.335,0.17767917815885198,Q2,Medium Mobility
eicmynts,9.861208495600245,10134,2553,37.702_-122.486,0.25192421551213734,Q1 (Low),Low Mobility (Routine)
eifvid,10.562345305354508,22628,4128,37.752_-122.395,0.18242884921336397,Q2,Medium Mobility
eincufpy,9.995618586197914,3920,1718,37.751_-122.395,0.43826530612244896,Q1 (Low),Low Mobility (Routine)
eitpem,9.580986856599221,11178,2791,37.752_-122.395,0.24968688495258543,Q1 (Low),Low Mobility (Routine)
ejcrur,10.19093743318479,20850,3813,37.751_-122.395,0.1828776978417266,Q1 (Low),Low Mobility (Routine)
ejesbay,9.406448281260353,21384,3486,37.752_-122.394,0.16301907968574636,Q1 (Low),Low Mobility (Routine)
ejkipub,10.386552759105625,22414,4174,37.718_-122.472,0.1862228964040332,Q1 (Low),Low Mobility (Routine)
ejnoax,10.405724733952479,16817,3594,37.796_-122.254,0.21371231491942677,Q1 (Low),Low Mobility (Routine)
ejshigib,10.88175532576146,29536,4432,37.752_-122.395,0.15005417118093176,Q4 (High),High Mobility (Explorer)
ejtobu,11.060891571441577,26104,4624,37.798_-122.408,0.17713760343242416,Q4 (High),High Mobility (Explorer)
ekenucki,10.782619855852579,26277,4328,37.751_-122.395,0.16470677779046314,Q3,Medium Mobility
ekfrab,9.92348213734304,19524,3659,37.792_-122.411,0.18741036672812947,Q1 (Low),Low Mobility (Routine)
ektamy,10.948561502803631,25346,4255,37.751_-122.395,0.16787658802177857,Q4 (High),High Mobility (Explorer)
ektuyo,10.196082648375528,19616,3544,37.752_-122.394,0.18066884176182707,Q1 (Low),Low Mobility (Routine)
ekyosjo,10.749270197361625,27442,4047,37.752_-122.394,0.14747467385759055,Q3,Medium Mobility
elaflevy,10.6972850059766,25895,3994,37.616_-122.386,0.15423826993628115,Q2,Medium Mobility
elbnaxa,11.153849041292146,27312,4819,37.752_-122.395,0.17644258933801993,Q4 (High),High Mobility (Explorer)
elfyea,10.700244980194409,23057,3796,37.751_-122.395,0.164635468621243,Q3,Medium Mobility
elhuyoi,8.814305431826455,5427,1701,37.751_-122.394,0.31343283582089554,Q1 (Low),Low Mobility (Routine)
ellimtbu,10.58139461787953,22466,4762,37.717_-122.397,0.21196474672838958,Q2,Medium Mobility
elswcky,10.909597195363776,22940,4004,37.752_-122.395,0.17454228421970358,Q4 (High),High Mobility (Explorer)
elvgid,5.766672105199011,8004,1471,37.752_-122.394,0.1837831084457771,Q1 (Low),Low Mobility (Routine)
elwesnn,10.432163339558048,21660,3794,37.752_-122.395,0.17516158818097877,Q1 (Low),Low Mobility (Routine)
enarwee,10.784475404474131,24263,4293,37.751_-122.395,0.17693607550591436,Q3,Medium Mobility
enekbl,10.640526509671629,23254,4104,37.751_-122.395,0.1764857658897394,Q2,Medium Mobility
enidmopt,10.278312301310189,20897,3949,37.752_-122.395,0.1889744939464995,Q1 (Low),Low Mobility (Routine)
enjubpl,11.072078248187788,22689,4712,37.752_-122.394,0.20767772929613468,Q4 (High),High Mobility (Explorer)
enkkand,10.43729970565765,29742,4104,37.752_-122.394,0.13798668549525922,Q1 (Low),Low Mobility (Routine)
enyenewl,9.716880304585908,2414,1154,37.788_-122.408,0.4780447390223695,Q1 (Low),Low Mobility (Routine)
enyonsn,10.828633851890235,29448,4535,37.752_-122.395,0.15400027166530833,Q3,High Mobility (Explorer)
eoccoirv,10.598535480736793,27750,4756,37.752_-122.395,0.17138738738738737,Q2,Medium Mobility
eoffrij,10.94705315901195,24793,4353,37.616_-122.386,0.17557375065542694,Q4 (High),High Mobility (Explorer)
eoivqued,10.436063660801036,19722,4344,37.616_-122.386,0.22026163675083663,Q1 (Low),Low Mobility (Routine)
eokracy,10.782239452459141,25027,4440,37.616_-122.386,0.17740839892915652,Q3,Medium Mobility
eolgug,10.769107412634515,20270,4032,37.751_-122.395,0.1989146521953626,Q3,Medium Mobility
eosluip,10.439785522403541,26402,3892,37.752_-122.395,0.1474130747670631,Q2,Low Mobility (Routine)
eotcue,4.453517450861829,59,31,37.751_-122.395,0.5254237288135594,Q1 (Low),Low Mobility (Routine)
eovsyt,10.860953368045672,23810,4366,37.751_-122.395,0.18336833263334734,Q4 (High),High Mobility (Explorer)
eoydba,10.711213556953966,12747,3857,37.786_-122.401,0.3025809994508512,Q3,Medium Mobility
epabcadu,10.803788241755461,28993,4459,37.785_-122.400,0.15379574380022765,Q3,Medium Mobility
epemvagu,10.801726925842559,25658,3963,37.777_-122.395,0.15445475095486788,Q3,Medium Mobility
epkiapme,10.885898420787385,25286,4372,37.616_-122.386,0.17290200110733212,Q4 (High),High Mobility (Explorer)
equioc,10.334275121088481,29997,4123,37.752_-122.394,0.13744707804113745,Q1 (Low),Low Mobility (Routine)
equoaw,10.93723857031761,19206,3873,37.751_-122.395,0.20165573258356764,Q4 (High),High Mobility (Explorer)
erjboyni,10.836475243760871,20357,3654,37.756_-122.388,0.17949599646313308,Q3,High Mobility (Explorer)
erjcrey,10.745334753055566,22419,4073,37.778_-122.487,0.18167625674650967,Q3,Medium Mobility
erjtail,10.523038227064168,20006,3999,37.792_-122.411,0.19989003299010297,Q2,Medium Mobility
erulghiv,10.835867658832642,28069,4351,37.616_-122.386,0.1550108660800171,Q3,High Mobility (Explorer)
erwumu,10.489101055164456,24294,4062,37.752_-122.394,0.16720177821684368,Q2,Low Mobility (Routine)
eryeig,10.971868536653542,26907,4785,37.752_-122.395,0.17783476418775784,Q4 (High),High Mobility (Explorer)
eshria,10.00789657644383,21822,3810,37.752_-122.394,0.17459444597195492,Q1 (Low),Low Mobility (Routine)
eshroa,10.784078433252377,26413,4221,37.752_-122.395,0.15980767046530117,Q3,Medium Mobility
esnddceb,10.672612508190598,25903,4145,37.751_-122.395,0.16002007489479983,Q2,Medium Mobility
esudcejo,10.764992368218547,19865,4007,37.782_-122.412,0.20171155298263277,Q3,Medium Mobility
etalrab,10.560506328604792,25368,4820,37.616_-122.386,0.19000315357931252,Q2,Medium Mobility
etirnfew,9.422043452321379,4779,1908,37.751_-122.395,0.3992467043314501,Q1 (Low),Low Mobility (Routine)
etnads,10.85926087761906,27392,4534,37.752_-122.394,0.16552278037383178,Q4 (High),High Mobility (Explorer)
eufdod,10.914279010169857,18244,3929,37.639_-122.454,0.21535847401885552,Q4 (High),High Mobility (Explorer)
evbacclu,10.962498891175517,25335,4430,37.752_-122.395,0.17485691730807185,Q4 (High),High Mobility (Explorer)
evdyffu,10.74910680253815,23587,4437,37.751_-122.394,0.18811209564590664,Q3,Medium Mobility
evfler,10.452280940949805,13573,3422,37.616_-122.386,0.25211817579017165,Q2,Low Mobility (Routine)
evijcey,10.248133058952023,11542,2920,37.752_-122.394,0.25298908334777337,Q1 (Low),Low Mobility (Routine)
evjoko,10.948810571418253,25995,4328,37.726_-122.414,0.16649355645316408,Q4 (High),High Mobility (Explorer)
evmaja,10.504747621488015,9145,2690,37.752_-122.395,0.29414980863860035,Q2,Low Mobility (Routine)
evtitdea,10.752499914696772,25562,4103,37.752_-122.395,0.16051169705030904,Q3,Medium Mobility
ewbglo,10.960749828273006,22882,4850,37.616_-122.386,0.21195699676601695,Q4 (High),High Mobility (Explorer)
ewedkl,9.218939320706717,17930,3120,37.752_-122.394,0.17401003904071388,Q1 (Low),Low Mobility (Routine)
ewufri,10.954872085991898,25598,4313,37.794_-122.397,0.168489725759825,Q4 (High),High Mobility (Explorer)
ewvnil,10.984394460138724,20217,4228,37.752_-122.394,0.20913092941583816,Q4 (High),High Mobility (Explorer)
exskafvo,10.936901265020179,25773,4503,37.778_-122.427,0.1747177278547317,Q4 (High),High Mobility (Explorer)
eybmij,10.945503277169415,23849,4508,37.751_-122.395,0.18902260052832404,Q4 (High),High Mobility (Explorer)
eybyay,10.701953281665688,27587,4563,37.672_-122.483,0.16540399463515423,Q3,Medium Mobility
eydadgio,9.936689616989787,3057,1487,37.786_-122.411,0.4864245992803402,Q1 (Low),Low Mobility (Routine)
eytups,10.73715714762666,20774,4225,37.616_-122.386,0.20337922403003755,Q3,Medium Mobility
iacbyb,9.899847044064295,12819,2617,37.786_-122.410,0.20415008971058585,Q1 (Low),Low Mobility (Routine)
iackaw,10.701399121423101,25195,3924,37.751_-122.395,0.15574518753720976,Q3,Medium Mobility
iafbagci,10.370838232067058,20242,3586,37.791_-122.420,0.17715640746961764,Q1 (Low),Low Mobility (Routine)
iafstnue,10.854605370984952,22816,3950,37.752_-122.394,0.17312412342215988,Q3,High Mobility (Explorer)
iaggrijo,10.87506489052233,18484,4360,37.616_-122.386,0.23587967972300367,Q4 (High),High Mobility (Explorer)
iagods,9.738263319129665,4315,1651,37.755_-122.403,0.38261877172653536,Q1 (Low),Low Mobility (Routine)
iahorou,10.475942049361816,16404,3203,37.751_-122.395,0.19525725432821264,Q2,Low Mobility (Routine)
iapberci,10.563904579051295,23604,4213,37.752_-122.394,0.1784866971699712,Q2,Medium Mobility
iatmeuns,10.17254191072027,14345,3352,37.792_-122.417,0.23367026838619728,Q1 (Low),Low Mobility (Routine)
iatojbo,10.92540926659946,21533,4000,37.751_-122.395,0.1857613894951934,Q4 (High),High Mobility (Explorer)
iawxben,9.783166944253455,26244,4210,37.616_-122.386,0.1604176192653559,Q1 (Low),Low Mobility (Routine)
ibflsruc,10.808386199716827,25422,4152,37.752_-122.394,0.16332310597120603,Q3,Medium Mobility
ibgryk,10.218253663269625,21608,3977,37.751_-122.395,0.18405220288781932,Q1 (Low),Low Mobility (Routine)
iblool,10.640784817094262,18811,3498,37.616_-122.386,0.1859550263143905,Q2,Medium Mobility
ibpijda,10.860226752614093,23801,4150,37.751_-122.395,0.1743624217469854,Q4 (High),High Mobility (Explorer)
ibwicim,10.858802691427243,18964,3978,37.785_-122.414,0.20976587217886522,Q3,High Mobility (Explorer)
icagpony,10.841103011895736,25480,4556,37.752_-122.395,0.17880690737833596,Q3,High Mobility (Explorer)
icdaheos,9.585563351287622,3442,1531,37.751_-122.395,0.44479953515398024,Q1 (Low),Low Mobility (Routine)
icdapnu,10.914667297153542,25139,4151,37.751_-122.395,0.16512192211305143,Q4 (High),High Mobility (Explorer)
icdultha,9.681111373641077,11918,2445,37.616_-122.386,0.20515187111931532,Q1 (Low),Low Mobility (Routine)
icedpa,10.761233800143614,15532,3489,37.751_-122.395,0.22463301570950295,Q3,Medium Mobility
ichankru,10.919466869695093,18482,3820,37.751_-122.395,0.2066875879233849,Q4 (High),High Mobility (Explorer)
ichikiga,10.749991381026835,25555,4093,37.751_-122.395,0.16016435139894344,Q3,Medium Mobility
ickguwa,10.908823512873122,23471,4059,37.751_-122.395,0.17293681564483832,Q4 (High),High Mobility (Explorer)
ickphiwa,10.544971441739822,24047,4004,37.616_-122.386,0.1665072566224477,Q2,Medium Mobility
ickviya,10.771142020910272,23059,4469,37.751_-122.394,0.19380719025109502,Q3,Medium Mobility
icodmup,10.117761784710368,17037,3742,37.616_-122.386,0.21963960791219111,Q1 (Low),Low Mobility (Routine)
ictlypt,10.533140910177172,15399,3459,37.616_-122.386,0.22462497564776934,Q2,Medium Mobility
ictmuog,8.717418890234898,9329,2298,37.752_-122.394,0.2463286525887019,Q1 (Low),Low Mobility (Routine)
icwiroic,11.23155626899987,26067,4409,37.868_-122.297,0.16914105957724326,Q4 (High),High Mobility (Explorer)
idbaybim,10.498100295700414,20502,3629,37.752_-122.394,0.17700712125646278,Q2,Low Mobility (Routine)
idcadgi,9.360286947651144,17100,3251,37.751_-122.394,0.1901169590643275,Q1 (Low),Low Mobility (Routine)
ideutgoa,10.977260963658388,26690,4344,37.751_-122.395,0.16275758711127764,Q4 (High),High Mobility (Explorer)
idholv,10.479902228350902,27201,3823,37.752_-122.395,0.1405463034447263,Q2,Low Mobility (Routine)
idjoat,5.974959502463287,6710,1562,37.752_-122.395,0.23278688524590163,Q1 (Low),Low Mobility (Routine)
idjojwa,9.879830469089114,4996,1939,37.751_-122.395,0.38811048839071255,Q1 (Low),Low Mobility (Routine)
idjokva,10.67804788068555,24238,4356,37.752_-122.394,0.17971779849822592,Q2,Medium Mobility
idlorra,11.397594970578176,21773,5068,37.752_-122.395,0.23276535158223488,Q4 (High),High Mobility (Explorer)
idodly,10.87903474759314,23364,4389,37.794_-122.397,0.18785310734463276,Q4 (High),High Mobility (Explorer)
idshywr,10.718670484170923,22487,4061,37.751_-122.395,0.18059323164495042,Q3,Medium Mobility
idsmuk,10.584786457078682,23583,4062,37.789_-122.407,0.17224271721155068,Q2,Medium Mobility
idtwal,10.19137159293192,4957,1929,37.751_-122.395,0.3891466612870688,Q1 (Low),Low Mobility (Routine)
idvowwed,10.82784969445706,27499,4353,37.751_-122.395,0.15829666533328485,Q3,High Mobility (Explorer)
ifanfadd,9.739653507550512,15793,3299,37.752_-122.395,0.20889001456341416,Q1 (Low),Low Mobility (Routine)
ifefrof,10.787311839052446,15152,3651,37.752_-122.394,0.24095828933474128,Q3,Medium Mobility
ifelas,10.73735089880006,20553,4066,37.616_-122.386,0.19783000048654698,Q3,Medium Mobility
ifeshce,1.8683493947370857,1003,87,37.752_-122.395,0.08673978065802593,Q1 (Low),Low Mobility (Routine)
ifkalda,10.30240627968453,19776,3640,37.616_-122.386,0.18406148867313915,Q1 (Low),Low Mobility (Routine)
ifragcic,10.81557269227843,17558,3403,37.754_-122.466,0.19381478528306184,Q3,High Mobility (Explorer)
igglitby,11.079090067267227,21795,4767,37.794_-122.407,0.2187198898830007,Q4 (High),High Mobility (Explorer)
igsoysla,10.97374190642979,23881,4828,37.794_-122.408,0.2021690883966333,Q4 (High),High Mobility (Explorer)
igvidth,10.822338908089717,26395,4662,37.752_-122.394,0.17662436067437015,Q3,High Mobility (Explorer)
ijcoga,10.875161972646616,24758,4052,37.751_-122.395,0.1636642701349059,Q4 (High),High Mobility (Explorer)
ijdeyd,10.97138291222301,25711,4298,37.769_-122.452,0.1671658045194664,Q4 (High),High Mobility (Explorer)
ijhigof,11.058338803006738,22362,4467,37.616_-122.386,0.19975851891601826,Q4 (High),High Mobility (Explorer)
ijhipvo,10.682789178939522,25563,3881,37.752_-122.395,0.15182099127645424,Q2,Medium Mobility
ijpiawl,10.89640850058737,24839,4574,37.786_-122.411,0.18414589959338137,Q4 (High),High Mobility (Explorer)
ijprukfr,10.71117308688849,25029,3985,37.616_-122.386,0.15921531024012145,Q3,Medium Mobility
ijthind,10.174673654073175,19702,3809,37.752_-122.394,0.19333062633235204,Q1 (Low),Low Mobility (Routine)
ijtowhur,10.68340450486818,26044,4232,37.789_-122.407,0.16249424051604977,Q2,Medium Mobility
ikdagcy,10.306506752725412,18254,3223,37.787_-122.402,0.17656404075819,Q1 (Low),Low Mobility (Routine)
ikkimm,10.671540369531485,26435,4097,37.785_-122.405,0.15498392282958198,Q2,Medium Mobility
ikujfurk,10.794082661220166,20744,3699,37.751_-122.395,0.178316621673737,Q3,Medium Mobility
ilcoby,11.029324839675484,23643,4686,37.616_-122.386,0.1981981981981982,Q4 (High),High Mobility (Explorer)
ilkble,10.418309030418296,21403,3944,37.616_-122.386,0.18427323272438442,Q1 (Low),Low Mobility (Routine)
ilkedve,10.048867263381961,23403,3825,37.752_-122.395,0.16344058454044352,Q1 (Low),Low Mobility (Routine)
ilyutje,11.01392639840535,26376,4587,37.697_-122.489,0.1739080982711556,Q4 (High),High Mobility (Explorer)
imhacy,8.230828960131166,7731,1972,37.752_-122.395,0.25507696287673004,Q1 (Low),Low Mobility (Routine)
imneesu,10.647281175184768,21827,4402,37.616_-122.386,0.20167682228432676,Q2,Medium Mobility
imoikcha,10.861413507921238,25070,4661,37.760_-122.408,0.18591942560829677,Q4 (High),High Mobility (Explorer)
imwrytsy,10.538841449003886,19167,3800,37.633_-122.467,0.19825742161005896,Q2,Medium Mobility
imwyojy,11.02033866391705,25862,4444,37.752_-122.395,0.1718351248936664,Q4 (High),High Mobility (Explorer)
inckkiv,10.795420438642276,21760,4045,37.616_-122.386,0.18589154411764705,Q3,Medium Mobility
indtwrat,10.618216312300707,18134,3644,37.786_-122.411,0.2009484945406419,Q2,Medium Mobility
indyep,10.976704827370476,22744,4494,37.752_-122.395,0.1975905733380232,Q4 (High),High Mobility (Explorer)
inghoghe,10.639426489630281,21071,3916,37.616_-122.386,0.18584784775283564,Q2,Medium Mobility
inghoth,10.378119583332222,21094,3695,37.476_-122.225,0.17516829430169717,Q1 (Low),Low Mobility (Routine)
inhiala,9.393910887379313,6491,1838,37.751_-122.394,0.2831613002619011,Q1 (Low),Low Mobility (Routine)
inlica,10.709191461534894,23598,4297,37.752_-122.394,0.18209170268666836,Q3,Medium Mobility
inquay,10.76009652952007,23668,4326,37.616_-122.386,0.1827784350177455,Q3,Medium Mobility
inshfola,6.711191526907047,5546,1505,37.752_-122.394,0.2713667508113956,Q1 (Low),Low Mobility (Routine)
insodfl,10.51519915138853,21401,3788,37.752_-122.395,0.17700107471613477,Q2,Low Mobility (Routine)
ioajdig,10.89366904828573,26819,4473,37.752_-122.395,0.16678474216040867,Q4 (High),High Mobility (Explorer)
ioangio,10.73826088242902,16765,3495,37.784_-122.409,0.20847002684163435,Q3,Medium Mobility
iodjiesh,10.945223872773504,22474,4282,37.751_-122.395,0.19053128059090504,Q4 (High),High Mobility (Explorer)
iodlac,10.71318093387806,23653,3935,37.752_-122.394,0.16636367479812286,Q3,Medium Mobility
iofplik,10.848428987170172,18907,3881,37.751_-122.395,0.20526789019939704,Q3,High Mobility (Explorer)
ioivkn,10.497024682595887,21145,4149,37.616_-122.386,0.19621659966895247,Q2,Low Mobility (Routine)
iorjtwav,11.29331012065487,25669,5065,37.751_-122.395,0.19731972418091862,Q4 (High),High Mobility (Explorer)
iotklojy,10.674536250414587,24222,3985,37.752_-122.394,0.16451985798034843,Q2,Medium Mobility
iovhar,10.9194158108482,25568,4358,37.751_-122.395,0.17044743429286607,Q4 (High),High Mobility (Explorer)
iovlito,10.469535879874673,26082,3851,37.752_-122.395,0.14764972011348823,Q2,Low Mobility (Routine)
ioytgor,10.875766604162221,16593,4219,37.775_-122.485,0.2542638462002049,Q4 (High),High Mobility (Explorer)
ipdioisi,10.460150850377346,23337,4262,37.752_-122.394,0.18262844410164117,Q2,Low Mobility (Routine)
ipdraw,9.911476713584747,4028,1668,37.744_-122.401,0.4141012909632572,Q1 (Low),Low Mobility (Routine)
iphespha,10.601363259630265,14792,3764,37.616_-122.386,0.25446187128177394,Q2,Medium Mobility
iphybcay,10.854266239285511,22526,4071,37.616_-122.386,0.18072449613779631,Q3,High Mobility (Explorer)
ipjiert,10.684250089654595,15402,3337,37.616_-122.386,0.21666017400337617,Q2,Medium Mobility
ippfeip,11.073080560144689,20579,4202,37.616_-122.386,0.20418873609018903,Q4 (High),High Mobility (Explorer)
irjfen,10.973107135566288,26690,4258,37.616_-122.386,0.15953540651929562,Q4 (High),High Mobility (Explorer)
isekdyp,10.916178066744884,24016,4431,37.751_-122.395,0.18450199866755496,Q4 (High),High Mobility (Explorer)
isfikti,10.587104891518038,23524,4207,37.785_-122.400,0.17883863288556368,Q2,Medium Mobility
ishvirv,10.782202054249012,26128,4122,37.752_-122.394,0.1577617881200245,Q3,Medium Mobility
isnthli,8.663755504076986,5670,1886,37.751_-122.395,0.3326278659611993,Q1 (Low),Low Mobility (Routine)
ispawwye,10.821603051652625,23797,3923,37.777_-122.405,0.1648527125267891,Q3,High Mobility (Explorer)
isvayd,10.287960328169046,14023,3265,37.785_-122.400,0.2328317763673964,Q1 (Low),Low Mobility (Routine)
itacfl,10.833299618864324,22636,3944,37.616_-122.386,0.174235730694469,Q3,High Mobility (Explorer)
itbadpi,10.81554662613043,23032,4289,37.751_-122.395,0.18621917332407087,Q3,High Mobility (Explorer)
itbejsco,10.629776234630897,17263,3354,37.751_-122.395,0.19428836239355848,Q2,Medium Mobility
itcemra,10.980222195735998,23799,4665,37.751_-122.395,0.19601663935459473,Q4 (High),High Mobility (Explorer)
ithpett,10.432534880524049,16967,3631,37.616_-122.386,0.21400365415217776,Q1 (Low),Low Mobility (Routine)
itmeps,10.21649606386944,19415,3664,37.752_-122.394,0.1887200618078805,Q1 (Low),Low Mobility (Routine)
itpivoa,10.726442017841233,25094,3986,37.751_-122.394,0.15884275125528013,Q3,Medium Mobility
itquirla,10.973756552146547,25348,4698,37.752_-122.394,0.18534006627741834,Q4 (High),High Mobility (Explorer)
ivheoo,11.234817469973631,23890,4684,37.688_-122.479,0.1960652992884052,Q4 (High),High Mobility (Explorer)
ivkockim,10.759752333940032,24782,4592,37.792_-122.411,0.1852957791945767,Q3,Medium Mobility
izowcu,9.3406363170492,14469,3207,37.752_-122.394,0.22164627825005184,Q1 (Low),Low Mobility (Routine)
oadwowd,9.54760533108388,4086,1494,37.752_-122.394,0.3656387665198238,Q1 (Low),Low Mobility (Routine)
oafhynu,10.747443228666477,24169,4118,37.752_-122.395,0.17038354917456244,Q3,Medium Mobility
oahudflo,10.73603836767137,25346,3882,37.751_-122.395,0.153160261974276,Q3,Medium Mobility
oakpikoo,9.995779863063127,20313,3586,37.752_-122.394,0.17653719293063555,Q1 (Low),Low Mobility (Routine)
oapwycti,10.220553703493582,25626,3608,37.792_-122.411,0.14079450558027004,Q1 (Low),Low Mobility (Routine)
oasthul,10.59820835016022,14629,3762,37.616_-122.386,0.2571604347528881,Q2,Medium Mobility
obacvau,10.831016871877338,21102,3859,37.616_-122.386,0.18287366126433513,Q3,High Mobility (Explorer)
obceoo,10.14838563306179,26115,4017,37.788_-122.421,0.15381964388282596,Q1 (Low),Low Mobility (Routine)
obheujvo,10.947242909979899,24670,4339,37.752_-122.395,0.1758816376165383,Q4 (High),High Mobility (Explorer)
objoyhi,9.084001275547013,1495,822,37.737_-122.430,0.5498327759197325,Q1 (Low),Low Mobility (Routine)
oblyaga,10.696039762246013,22829,3812,37.781_-122.412,0.1669805948574182,Q2,Medium Mobility
obsimjio,10.532472792561357,25759,3964,37.752_-122.394,0.15388796148918824,Q2,Medium Mobility
occeyd,10.210173621093194,23358,4042,37.785_-122.400,0.17304563746896137,Q1 (Low),Low Mobility (Routine)
occroksy,10.520222855737304,22426,3749,37.751_-122.395,0.1671720324623205,Q2,Low Mobility (Routine)
ochotcil,10.285434847503646,15748,3109,37.790_-122.422,0.1974218948437897,Q1 (Low),Low Mobility (Routine)
ochtin,10.614805716680896,19836,4126,37.616_-122.386,0.20800564629965718,Q2,Medium Mobility
ocjeng,10.766554358177812,25574,4095,37.777_-122.395,0.16012356299366545,Q3,Medium Mobility
ockihoba,10.812026539525702,23502,3924,37.773_-122.406,0.16696451365841206,Q3,High Mobility (Explorer)
ockoac,10.36142823502157,8319,2590,37.792_-122.411,0.31133549705493446,Q1 (Low),Low Mobility (Routine)
ockolral,11.059635700002797,22611,4560,37.752_-122.394,0.2016717526867454,Q4 (High),High Mobility (Explorer)
ocshitcl,10.998155774437437,22884,4532,37.751_-122.395,0.19804230029715084,Q4 (High),High Mobility (Explorer)
ocwyit,10.306031585163133,16802,3633,37.616_-122.386,0.21622425901678372,Q1 (Low),Low Mobility (Routine)
odklobci,10.372287410010749,23451,4421,37.752_-122.394,0.18852074538399216,Q1 (Low),Low Mobility (Routine)
odlorhem,10.816612211968486,26526,4271,37.752_-122.395,0.16101183744250924,Q3,High Mobility (Explorer)
odocjeca,11.209791845758467,24077,4949,37.616_-122.386,0.20554886406113718,Q4 (High),High Mobility (Explorer)
odolfev,10.919409323688907,18222,4083,37.751_-122.395,0.22406980572933816,Q4 (High),High Mobility (Explorer)
odoywug,10.093067102487243,20098,3913,37.752_-122.394,0.19469598965071153,Q1 (Low),Low Mobility (Routine)
odscixam,10.552363480214225,21188,4003,37.752_-122.395,0.18892769492165376,Q2,Medium Mobility
ofikco,10.724170226300025,29189,4076,37.751_-122.395,0.1396416458254822,Q3,Medium Mobility
ofjeequo,10.830806794026326,21780,3985,37.775_-122.398,0.1829660238751148,Q3,High Mobility (Explorer)
ofodwo,10.956166634389643,28904,4699,37.789_-122.402,0.16257265430390258,Q4 (High),High Mobility (Explorer)
ogawjem,10.69970002470938,20953,3934,37.751_-122.395,0.1877535436453014,Q3,Medium Mobility
ogdygdyd,10.207786784190862,25959,3864,37.752_-122.394,0.14885010978851265,Q1 (Low),Low Mobility (Routine)
oggluv,9.835112851852461,15776,3682,37.665_-122.431,0.23339249492900607,Q1 (Low),Low Mobility (Routine)
ogijtri,10.646961030329338,24988,4051,37.751_-122.395,0.16211781655194493,Q2,Medium Mobility
ogikligu,10.870425059090373,22498,4155,37.792_-122.411,0.18468308294070584,Q4 (High),High Mobility (Explorer)
ogjoch,10.84566583613192,24594,4248,37.752_-122.395,0.17272505489143694,Q3,High Mobility (Explorer)
ognowwoz,10.46504106711348,23312,3494,37.775_-122.424,0.14987989018531228,Q2,Low Mobility (Routine)
ogofvoit,10.752726635089434,13270,3103,37.752_-122.395,0.233835719668425,Q3,Medium Mobility
ogphagpi,10.651444291339185,26688,4604,37.950_-122.328,0.17251199040767387,Q2,Medium Mobility
ogshtcew,10.897099381770659,23190,4317,37.751_-122.395,0.18615782664941785,Q4 (High),High Mobility (Explorer)
ogurjupo,10.632331268107347,20202,3894,37.790_-122.420,0.19275319275319275,Q2,Medium Mobility
oilrag,8.625821216561413,932,568,37.792_-122.411,0.6094420600858369,Q1 (Low),Low Mobility (Routine)
oiphye,10.399230678709017,19736,3784,37.752_-122.394,0.19173084718281314,Q1 (Low),Low Mobility (Routine)
oipial,10.771738800172729,24739,4095,37.752_-122.394,0.1655281135049921,Q3,Medium Mobility
oirzgont,10.795277883138581,21535,4459,37.752_-122.395,0.20705827722312514,Q3,Medium Mobility
oivnabyo,10.980720296992832,27969,5009,37.785_-122.415,0.17909113661553863,Q4 (High),High Mobility (Explorer)
ojachme,10.297933949117864,25247,4271,37.735_-122.384,0.1691686140927635,Q1 (Low),Low Mobility (Routine)
ojbaso,10.787647504366543,22772,3991,37.752_-122.394,0.1752590901106622,Q3,Medium Mobility
ojfanni,10.806654722029002,23163,4124,37.786_-122.411,0.17804256788844278,Q3,Medium Mobility
ojfequia,10.671964507042624,17418,3757,37.616_-122.386,0.21569640601676426,Q2,Medium Mobility
ojfieza,10.64638934421985,19882,4272,37.689_-122.489,0.21486771954531736,Q2,Medium Mobility
ojpoota,10.490872765670685,24181,3820,37.752_-122.394,0.157975269839957,Q2,Low Mobility (Routine)
ojroigna,10.565376647941367,26887,3965,37.751_-122.395,0.14746903708111728,Q2,Medium Mobility
ojumna,10.500768225929624,23100,3918,37.752_-122.395,0.1696103896103896,Q2,Low Mobility (Routine)
ojvighta,10.702630208122628,24819,4131,37.806_-122.418,0.16644506225069503,Q3,Medium Mobility
ojwyky,10.763267603926618,26153,4224,37.752_-122.394,0.16151110771230834,Q3,Medium Mobility
okavkau,10.973935945581598,25387,4911,37.616_-122.386,0.19344546421396777,Q4 (High),High Mobility (Explorer)
okblahed,10.880889342630047,26372,4289,37.752_-122.395,0.16263461246776884,Q4 (High),High Mobility (Explorer)
okchympy,10.861352630083887,21604,4094,37.752_-122.394,0.1895019440844288,Q4 (High),High Mobility (Explorer)
okneydy,9.431262347856336,15511,3207,37.752_-122.394,0.20675649539036814,Q1 (Low),Low Mobility (Routine)
oknscocy,10.729540414035,23463,4021,37.752_-122.394,0.1713762093508929,Q3,Medium Mobility
okquakar,10.952956163311903,27453,4450,37.752_-122.395,0.16209521728044293,Q4 (High),High Mobility (Explorer)
oksbosfl,10.587744293346564,19417,3788,37.616_-122.386,0.19508677962610083,Q2,Medium Mobility
oktulsy,10.508451372968015,23543,3948,37.752_-122.394,0.16769315720171601,Q2,Low Mobility (Routine)
okvats,9.370282996033275,15071,3173,37.752_-122.394,0.21053679251542698,Q1 (Low),Low Mobility (Routine)
oljnek,11.044278692799839,24977,4291,37.792_-122.411,0.1717980542098731,Q4 (High),High Mobility (Explorer)
omcuky,10.660460804836998,24037,3888,37.752_-122.395,0.16175063443857388,Q2,Medium Mobility
omdrid,10.569620538849543,8052,2537,37.788_-122.408,0.31507699950322904,Q2,Medium Mobility
omluaj,10.856637022575697,25607,4494,37.752_-122.395,0.1754988870230796,Q3,High Mobility (Explorer)
omwyek,10.55870401503091,23019,3637,37.752_-122.395,0.1579999131152526,Q2,Medium Mobility
onannsov,7.142976438733548,5919,1550,37.752_-122.395,0.2618685588781889,Q1 (Low),Low Mobility (Routine)
oncalku,10.963002812754867,26010,4477,37.917_-122.310,0.17212610534409842,Q4 (High),High Mobility (Explorer)
oncixpi,10.920367200075834,19939,3816,37.723_-122.454,0.19138372034705853,Q4 (High),High Mobility (Explorer)
onghoji,10.382513338821472,22463,3883,37.640_-122.450,0.1728620397987802,Q1 (Low),Low Mobility (Routine)
onkawcel,10.816977478992435,17425,3822,37.752_-122.394,0.21934002869440458,Q3,High Mobility (Explorer)
ononma,10.74742971394239,24991,3955,37.755_-122.399,0.15825697251010365,Q3,Medium Mobility
onvahe,10.857748822742705,23667,3945,37.751_-122.395,0.16668779312967422,Q3,High Mobility (Explorer)
onwohyss,9.67652935048919,16920,3491,37.616_-122.386,0.20632387706855793,Q1 (Low),Low Mobility (Routine)
onyacju,10.819372015763506,24760,4198,37.752_-122.394,0.1695476575121163,Q3,High Mobility (Explorer)
onyenre,10.490240659290617,18507,3328,37.752_-122.394,0.17982385043497054,Q2,Low Mobility (Routine)
oocsodpl,10.830636278826994,22694,3926,37.751_-122.395,0.1729972680003525,Q3,High Mobility (Explorer)
oogchyog,11.179811640582543,23020,5085,37.616_-122.386,0.22089487402258906,Q4 (High),High Mobility (Explorer)
ootquoa,10.321388396360637,13379,2839,37.791_-122.434,0.2121982210927573,Q1 (Low),Low Mobility (Routine)
ootyecls,11.025887612047896,25914,4460,37.792_-122.411,0.17210774098942658,Q4 (High),High Mobility (Explorer)
oowfmu,8.569656388086937,1509,768,37.751_-122.395,0.5089463220675944,Q1 (Low),Low Mobility (Routine)
opgovebo,10.444589091726312,20010,3582,37.792_-122.411,0.17901049475262368,Q2,Low Mobility (Routine)
ophgir,10.970031846401108,20993,4282,37.616_-122.386,0.20397275282236937,Q4 (High),High Mobility (Explorer)
ophugbe,10.586805135463711,26009,4243,37.616_-122.386,0.16313583759467876,Q2,Medium Mobility
opjermp,10.921084819181502,18938,4165,37.616_-122.386,0.2199281867145422,Q4 (High),High Mobility (Explorer)
opmisa,10.849135835796368,23856,3968,37.752_-122.395,0.16633132126089872,Q3,High Mobility (Explorer)
opnown,10.502560219032182,14302,3156,37.752_-122.394,0.220668437980702,Q2,Low Mobility (Routine)
oquiat,10.778706016461506,29476,4465,37.752_-122.394,0.15147916949382548,Q3,Medium Mobility
orkbats,10.829707204128965,24530,4219,37.751_-122.395,0.1719934773746433,Q3,High Mobility (Explorer)
orocdu,10.229594538848275,15455,3287,37.751_-122.394,0.2126819799417664,Q1 (Low),Low Mobility (Routine)
orptme,10.470679466633062,24179,3917,37.786_-122.416,0.1620000827164068,Q2,Low Mobility (Routine)
orrrar,10.833524428498805,22571,4100,37.752_-122.394,0.18164901865225289,Q3,High Mobility (Explorer)
orsyalf,10.730039599593866,21827,3873,37.781_-122.455,0.17744078434965868,Q3,Medium Mobility
osacmu,10.258819329712,7451,2338,37.751_-122.395,0.3137833847805664,Q1 (Low),Low Mobility (Routine)
osckro,10.85706679971683,26436,4336,37.751_-122.395,0.16401876229384174,Q3,High Mobility (Explorer)
oshyon,10.98593469414784,26307,4432,37.751_-122.395,0.1684722697380925,Q4 (High),High Mobility (Explorer)
osoccef,10.992913885379595,27905,4608,37.752_-122.394,0.16513169682852535,Q4 (High),High Mobility (Explorer)
otasfier,10.897438200896456,26720,4309,37.777_-122.405,0.16126497005988025,Q4 (High),High Mobility (Explorer)
otfahona,9.754309520511464,17170,3339,37.752_-122.395,0.19446709376820034,Q1 (Low),Low Mobility (Routine)
otmegok,8.55871590179774,9350,2227,37.751_-122.394,0.2381818181818182,Q1 (Low),Low Mobility (Routine)
otscokdr,11.087926757567466,26079,4428,37.752_-122.395,0.16979178649488094,Q4 (High),High Mobility (Explorer)
otswrank,10.745492711203875,23567,4100,37.752_-122.394,0.17397207960283448,Q3,Medium Mobility
otvasdar,10.901039570889964,24533,4237,37.752_-122.395,0.17270615089878938,Q4 (High),High Mobility (Explorer)
ouvdank,10.413229451165545,21347,3835,37.751_-122.395,0.17965053637513467,Q1 (Low),Low Mobility (Routine)
ovkojy,10.871842370677928,24410,4367,37.752_-122.394,0.1789020893076608,Q4 (High),High Mobility (Explorer)
ovnacgad,9.722257217311325,22390,3773,37.785_-122.400,0.16851272889682894,Q1 (Low),Low Mobility (Routine)
ovyijna,10.79272343175087,22798,3980,37.752_-122.394,0.17457671725589963,Q3,Medium Mobility
owbsuscs,11.061213662987686,25788,4653,37.751_-122.395,0.18043275942298745,Q4 (High),High Mobility (Explorer)
owgves,10.530865671898027,23957,3881,37.752_-122.394,0.16199858079058313,Q2,Medium Mobility
owhagme,10.448564860242104,12278,3151,37.752_-122.394,0.25663788890698813,Q2,Low Mobility (Routine)
owufrey,10.706060304476548,14398,3665,37.616_-122.386,0.25454924295040976,Q3,Medium Mobility
oxdoghic,10.865226456562972,25731,3985,37.616_-122.386,0.15487155571101008,Q4 (High),High Mobility (Explorer)
oyclsdas,10.008395973956583,12656,2896,37.683_-122.479,0.22882427307206069,Q1 (Low),Low Mobility (Routine)
oydtesa,10.815729581558797,26778,4285,37.752_-122.395,0.160019418925984,Q3,High Mobility (Explorer)
oygmebra,10.511855040035858,21941,4151,37.616_-122.386,0.1891891891891892,Q2,Low Mobility (Routine)
oygvar,10.022487700346321,9820,2513,37.703_-122.473,0.25590631364562116,Q1 (Low),Low Mobility (Routine)
ubgihoot,10.570895028447024,24415,4235,37.616_-122.386,0.1734589391767356,Q2,Medium Mobility
ubjajo,10.904397647880765,25914,4107,37.792_-122.411,0.15848576059272979,Q4 (High),High Mobility (Explorer)
ubjaju,10.591318884041872,20974,3825,37.805_-122.407,0.18236864689615714,Q2,Medium Mobility
ubnankke,10.356092936186508,25611,4032,37.752_-122.394,0.15743235328569755,Q1 (Low),Low Mobility (Routine)
ubzachy,10.266437008425937,19620,3668,37.752_-122.395,0.1869520897043833,Q1 (Low),Low Mobility (Routine)
ucbiyaym,10.685798938958694,24416,4232,37.752_-122.395,0.17332896461336827,Q2,Medium Mobility
ucdewy,10.210079443470393,8134,2452,37.752_-122.394,0.3014507007622326,Q1 (Low),Low Mobility (Routine)
ucgewft,10.715593419908679,25426,4192,37.751_-122.395,0.16487060489262959,Q3,Medium Mobility
uchjafy,10.784858651301619,20773,4164,37.751_-122.395,0.20045251047032206,Q3,Medium Mobility
ucovlato,10.703025121798426,23466,4289,37.785_-122.400,0.18277507883746696,Q3,Medium Mobility
ucvepnuv,10.74115469165269,20678,4067,37.752_-122.395,0.1966824644549763,Q3,Medium Mobility
udguic,10.51036667001555,24288,4286,37.785_-122.400,0.176465744400527,Q2,Low Mobility (Routine)
udthon,10.506082892420759,23014,3911,37.752_-122.394,0.16994003649952202,Q2,Low Mobility (Routine)
udtiogi,10.440846594894115,23205,4051,37.752_-122.395,0.17457444516268045,Q2,Low Mobility (Routine)
udveoyx,10.396831876147179,27049,3893,37.794_-122.406,0.14392398979629561,Q1 (Low),Low Mobility (Routine)
udwadla,10.536038165768039,33753,4603,37.752_-122.395,0.13637306313512873,Q2,Medium Mobility
udwebir,9.855145825955343,10818,2574,37.751_-122.394,0.23793677204658903,Q1 (Low),Low Mobility (Routine)
udwiull,10.825442018118896,25710,4142,37.616_-122.386,0.16110462854920266,Q3,High Mobility (Explorer)
ufdoyno,11.006707420027357,22429,4678,37.616_-122.386,0.20856926300771322,Q4 (High),High Mobility (Explorer)
ugatna,10.880699101029514,28121,4407,37.616_-122.386,0.15671562177731943,Q4 (High),High Mobility (Explorer)
ugdifbl,10.4794596770455,17242,3373,37.752_-122.394,0.19562695742953254,Q2,Low Mobility (Routine)
uggdye,10.724553161703732,25178,3948,37.692_-122.474,0.15680355866232426,Q3,Medium Mobility
ugifmav,11.095107811421144,17565,4028,37.782_-122.450,0.22931966979789353,Q4 (High),High Mobility (Explorer)
ugthfu,10.64963670738647,18317,3736,37.751_-122.395,0.20396353114593002,Q2,Medium Mobility
ujhuki,10.877653030430709,23554,4168,37.616_-122.386,0.17695508193937334,Q4 (High),High Mobility (Explorer)
ujkiwe,10.458316877697529,24805,4027,37.616_-122.386,0.1623463011489619,Q2,Low Mobility (Routine)
ujnawwe,10.851358280659543,24311,4356,37.780_-122.429,0.17917814980872857,Q3,High Mobility (Explorer)
ujtosh,10.506959741445574,14584,3296,37.752_-122.394,0.22600109709270433,Q2,Low Mobility (Routine)
ujtrud,10.810229466171307,24156,4052,37.752_-122.394,0.16774300380857757,Q3,Medium Mobility
ukgoaf,10.47845031276093,25318,4238,37.616_-122.386,0.16739078916186112,Q2,Low Mobility (Routine)
uklsdryo,11.064417924754727,26972,4721,37.752_-122.394,0.17503336793712,Q4 (High),High Mobility (Explorer)
uljior,10.746485086123673,16328,3383,37.751_-122.395,0.20719010289073983,Q3,Medium Mobility
umhenwed,10.219029925547591,18747,3677,37.785_-122.400,0.1961380487544674,Q1 (Low),Low Mobility (Routine)
umsmtha,10.395787652763541,29026,4566,37.752_-122.395,0.15730724178322883,Q1 (Low),Low Mobility (Routine)
umvohug,10.875683896560382,25596,4307,37.751_-122.395,0.16826847944991405,Q4 (High),High Mobility (Explorer)
unquekov,10.772618475979066,22717,4450,37.751_-122.395,0.1958885416208126,Q3,Medium Mobility
unwrain,9.984294067072515,5334,2075,37.616_-122.386,0.38901387326584175,Q1 (Low),Low Mobility (Routine)
upchimy,10.848453718703315,27489,4269,37.752_-122.394,0.15529848302957547,Q3,High Mobility (Explorer)
upsjavci,10.592884050425871,23194,3366,37.799_-122.425,0.14512373889799085,Q2,Medium Mobility
upthin,11.23533602599689,49367,5874,37.752_-122.394,0.11898636741142869,Q4 (High),High Mobility (Explorer)
urfhod,11.246769125465384,23502,4951,37.643_-122.427,0.21066292230448472,Q4 (High),High Mobility (Explorer)
usadrifo,10.172195346553899,10487,2789,37.752_-122.395,0.26594831696386,Q1 (Low),Low Mobility (Routine)
usbekhia,11.011782434957459,23217,4307,37.792_-122.407,0.18551061722014042,Q4 (High),High Mobility (Explorer)
ushfeoj,10.809135460442597,24685,4394,37.752_-122.395,0.17800283573020054,Q3,Medium Mobility
uthiss,10.558387208066172,17752,4057,37.616_-122.386,0.22853762956286616,Q2,Medium Mobility
uthomoov,10.66586930547411,19731,3521,37.789_-122.402,0.17845015457908875,Q2,Medium Mobility
uthsyis,10.603377950517153,11619,3313,37.616_-122.386,0.285136414493502,Q2,Medium Mobility
utjanre,10.905703597296576,26711,4950,37.751_-122.395,0.18531691063606753,Q4 (High),High Mobility (Explorer)
utkibedy,10.508327420491785,16223,3781,37.699_-122.416,0.23306416815632128,Q2,Low Mobility (Routine)
utlurva,10.628049570566372,26165,3885,37.752_-122.395,0.14848079495509267,Q2,Medium Mobility
utthwaju,10.290788013338997,7235,2387,37.752_-122.394,0.3299239806496199,Q1 (Low),Low Mobility (Routine)
uttorhig,10.101410174154426,21701,3846,37.752_-122.395,0.17722685590525783,Q1 (Low),Low Mobility (Routine)
utvohovy,10.427980289119503,20273,3143,37.788_-122.412,0.15503378878311055,Q1 (Low),Low Mobility (Routine)
utwoab,11.216726862586219,25275,4849,37.751_-122.395,0.19184965380811078,Q4 (High),High Mobility (Explorer)
uvburki,10.295550045036268,13763,3182,37.751_-122.394,0.23119959311196686,Q1 (Low),Low Mobility (Routine)
uvigcho,10.913001285805278,25545,4418,37.782_-122.412,0.17294969661381876,Q4 (High),High Mobility (Explorer)
uvjeahot,10.825087633917166,20777,4490,37.616_-122.386,0.216104346151995,Q3,High Mobility (Explorer)
uvjova,10.802983257702422,15413,3593,37.752_-122.394,0.2331149030039577,Q3,Medium Mobility
uvreoipy,10.588954445597718,22269,4089,37.616_-122.386,0.18361848309308904,Q2,Medium Mobility
